Workbook

Sheet Guidelines
A1: Sheet Name | B1: Guideline | C1: Reason
A2: Initial Entry | B2: Copy paste the Data in the exact format as derived from the Altium and the S.No Column
A3: Initial Entry | B3: Make sure Every row in the Initial Entry Sheet must have a unique serial number | C3: All the sheets are derived from Intial entry have dependencies on S.No and MPN number MPN number dependecy - Master sheet S.no Dependency - FInal Master Sheet | F3: ADDING NEW MPN OR ADDIITONAL COMPONENT MUST BE MADE ENTRY N THE INITIAL ENTRY
A4: Initial Entry | B4: Any new component that is to be added must be added in the Initial_entry sheet only ONLY MODIFICATIONS CAN BE ADDED IN INITIAL COMPONENT AGGREGATOR
A5: Initial_Component_aggregator | B5: The columns Change_Considerations Probable_MPN Finalized_MPN Changed_Manufacturer Changed_Description Comments regd the new MPN regd the features Product_link Are editable
A6: Sheets that shouldnt be edited | B6: Master_Sheet; Final_Master_Sheet

Sheet Initial_entry
A1: S.no | B1: Board | C1: Designator | D1: Manufacturer | E1: Description | F1: MPN | G1: Quantity
A2: 1 | B2: 1, 2 | C2: ON Semiconductor | D2: GAN3R2-100CBE 100 V, 3.2 mOhm Gallium Nitride (GaN) FET in a 3.5 mm x 2.13 mm Wafer Level Chip | E2: GAN3R2-100CBE | F2: 2
A3: 2 | B3: Battery | C3: TE Connectivity | D3: CONN HEADER VERT 2POS 4.14MM | E3: 1-770166-1 | F3: 1
A4: 3 | B4: C1 | C4: Yageo | D4: Chip Capacitor, 10 pF, +/- 5%, 50 V, -55 to 125 degC, 0402 (1005 Metric), RoHS, Tape and Reel | E4: CC0402JRNPO9BN100 | F4: 1
A5: 4 | B5: C2 | C5: Samsung | D5: CAP CER 1UF 25V X7R 0603 | E5: CL10B105KA8NNNC | F5: 1
A6: 5 | B6: C3, C7, C10 | C6: TDK | D6: Multilayer Ceramic Capacitors 100nF ±10% X7R SMD 1812 | E6: C4532X7R2J104K230KA | F6: 3
A7: 6 | B7: C4 | C7: TDK | D7: Cap Ceramic 100nF 25V X7R 10% Pad SMD 0603 +125°C Automotive T/R | E7: CGA3E2X7R1E104K080AA | F7: 1
A8: 7 | B8: C5 | C8: Samsung | D8: Cap Ceramic 470nF 25V X5R ±10% SMD 0402 +85°C Paper T/R | E8: CL05A474KA5NNNC | F8: 1
A9: 8 | B9: C6, C9 | C9: TDK | D9: Multilayer Ceramic Capacitors 1uF ±10% 25V X5R SMD 0402 | E9: CGB2A1X5R1E105K033BC | F9: 2
A10: 9 | B10: C8 | C10: YAGEO | D10: CAP CER 0.1UF 25V X7R 0402 | E10: CC0402KRX7R8BB104 | F10: 1
A11: 10 | B11: Connector | C11: Molex | D11: CONN HEADER VERT 6POS 2.54MM | E11: 22-28-4060 | F11: 1
A12: 11 | B12: D1 | C12: ON Semiconductor | D12: DIODE GEN PURP 400V 1A SMA | E12: ES1J | F12: 1
A13: 12 | B13: IC1 | C13: ON Semiconductor | D13: Integrated Circuit | E13: NCP51820 | F13: 1
... A20: 19 | B20: R10 | C20: Yageo | D20: Chip Resistor, 0 Ohm, +/- 5%, 0.1 W, -55 to 155 degC, 0603 (1608 Metric), RoHS, Tape and Reel | E20: RC0603JR−070RL | F20: 1

Sheet Initial_Component_aggregator
A1: S.No | B1: Initial_MPN | C1: Initial_Manufacturer | D1: Description | E1: Quantity Per Board | F1: Change_Considerations | G1: Probable_MPN | H1: Finalized_MPN | I1: Changed_Manufacturer | J1: Changed_Description | K1: Comments regd the new MPN regd the features | L1: Product_link
A2: 1 | B2: {=_xlfn.UNIQUE(Initial_entry!F2:F399,0)} -> 2 | C2: =IF(ISBLANK(B2),"",IF(ISBLANK(INDEX(Initial_entry!D:D,MATCH(B2,Initial_entry!F:F,0))),"No value entered",INDEX(Initial_entry!D:D,MATCH(B2,Initial_entry!F:F,0)))) -> GAN3R2-100CBE 100 V, 3.2 mOhm Gallium Nitride (GaN) FET in a 3.5 mm x 2.13 mm Wafer Level Chip | D2: {=IF(ISBLANK(B2),"",_xlfn.TEXTJOIN(CHAR(10),FALSE,_xlfn._xlws.FILTER(Initial_entry!E:E,Initial_entry!F:F=B2)))} -> GAN3R2-100CBE CGB2A1X5R1E105K033BC RC0402FR−0710KL RC0603FR−0710RL RC0603FR−072RL | E2: =IF(ISBLANK(B2)," ",SUMIF(Initial_entry!F:F,B2,Initial_entry!G:G)) -> 0
A3: 2 | B3: 1 | C3: =IF(ISBLANK(B3),"",IF(ISBLANK(INDEX(Initial_entry!D:D,MATCH(B3,Initial_entry!F:F,0))),"No value entered",INDEX(Initial_entry!D:D,MATCH(B3,Initial_entry!F:F,0)))) -> CONN HEADER VERT 2POS 4.14MM | D3: {=IF(ISBLANK(B3),"",_xlfn.TEXTJOIN(CHAR(10),FALSE,_xlfn._xlws.FILTER(Initial_entry!E:E,Initial_entry!F:F=B3)))} -> 1-770166-1 CC0402JRNPO9BN100 CL10B105KA8NNNC CGA3E2X7R1E104K080AA CL05A474KA5NNNC CC0402KRX7R8BB104 22-28-4060 ES1J NCP51820 RC0402FR-0710KL RC1005F2R0CS RC0603FR−0760K4L RC0603JR−070RL | E3: =IF(ISBLANK(B3)," ",SUMIF(Initial_entry!F:F,B3,Initial_entry!G:G)) -> 0
B4: 3 | C4: =IF(ISBLANK(B4),"",IF(ISBLANK(INDEX(Initial_entry!D:D,MATCH(B4,Initial_entry!F:F,0))),"No value entered",INDEX(Initial_entry!D:D,MATCH(B4,Initial_entry!F:F,0)))) -> Multilayer Ceramic Capacitors 100nF ±10% X7R SMD 1812 | D4: {=IF(ISBLANK(B4),"",_xlfn.TEXTJOIN(CHAR(10),FALSE,_xlfn._xlws.FILTER(Initial_entry!E:E,Initial_entry!F:F=B4)))} -> C4532X7R2J104K230KA | E4: =IF(ISBLANK(B4)," ",SUMIF(Initial_entry!F:F,B4,Initial_entry!G:G)) -> 0
B5: 0 | C5: =IF(ISBLANK(B5),"",IF(ISBLANK(INDEX(Initial_entry!D:D,MATCH(B5,Initial_entry!F:F,0))),"No value entered",INDEX(Initial_entry!D:D,MATCH(B5,Initial_entry!F:F,0)))) -> #N/A | D5: {=IF(ISBLANK(B5),"",_xlfn.TEXTJOIN(CHAR(10),FALSE,_xlfn._xlws.FILTER(Initial_entry!E:E,Initial_entry!F:F=B5)))} -> #VALUE! | E5: =IF(ISBLANK(B5)," ",SUMIF(Initial_entry!F:F,B5,Initial_entry!G:G)) -> 0
C6: =IF(ISBLANK(B6),"",IF(ISBLANK(INDEX(Initial_entry!D:D,MATCH(B6,Initial_entry!F:F,0))),"No value entered",INDEX(Initial_entry!D:D,MATCH(B6,Initial_entry!F:F,0)))) | D6: {=IF(ISBLANK(B6),"",_xlfn.TEXTJOIN(CHAR(10),FALSE,_xlfn._xlws.FILTER(Initial_entry!E:E,Initial_entry!F:F=B6)))} | E6: =IF(ISBLANK(B6)," ",SUMIF(Initial_entry!F:F,B6,Initial_entry!G:G))
C7: =IF(ISBLANK(B7),"",IF(ISBLANK(INDEX(Initial_entry!D:D,MATCH(B7,Initial_entry!F:F,0))),"No value entered",INDEX(Initial_entry!D:D,MATCH(B7,Initial_entry!F:F,0)))) | D7: {=IF(ISBLANK(B7),"",_xlfn.TEXTJOIN(CHAR(10),FALSE,_xlfn._xlws.FILTER(Initial_entry!E:E,Initial_entry!F:F=B7)))} | E7: =IF(ISBLANK(B7)," ",SUMIF(Initial_entry!F:F,B7,Initial_entry!G:G))
C8: =IF(ISBLANK(B8),"",IF(ISBLANK(INDEX(Initial_entry!D:D,MATCH(B8,Initial_entry!F:F,0))),"No value entered",INDEX(Initial_entry!D:D,MATCH(B8,Initial_entry!F:F,0)))) | D8: {=IF(ISBLANK(B8),"",_xlfn.TEXTJOIN(CHAR(10),FALSE,_xlfn._xlws.FILTER(Initial_entry!E:E,Initial_entry!F:F=B8)))} | E8: =IF(ISBLANK(B8)," ",SUMIF(Initial_entry!F:F,B8,Initial_entry!G:G))
C9: =IF(ISBLANK(B9),"",IF(ISBLANK(INDEX(Initial_entry!D:D,MATCH(B9,Initial_entry!F:F,0))),"No value entered",INDEX(Initial_entry!D:D,MATCH(B9,Initial_entry!F:F,0)))) | D9: {=IF(ISBLANK(B9),"",_xlfn.TEXTJOIN(CHAR(10),FALSE,_xlfn._xlws.FILTER(Initial_entry!E:E,Initial_entry!F:F=B9)))} | E9: =IF(ISBLANK(B9)," ",SUMIF(Initial_entry!F:F,B9,Initial_entry!G:G))
C10: =IF(ISBLANK(B10),"",IF(ISBLANK(INDEX(Initial_entry!D:D,MATCH(B10,Initial_entry!F:F,0))),"No value entered",INDEX(Initial_entry!D:D,MATCH(B10,Initial_entry!F:F,0)))) | D10: {=IF(ISBLANK(B10),"",_xlfn.TEXTJOIN(CHAR(10),FALSE,_xlfn._xlws.FILTER(Initial_entry!E:E,Initial_entry!F:F=B10)))} | E10: =IF(ISBLANK(B10)," ",SUMIF(Initial_entry!F:F,B10,Initial_entry!G:G))
C11: =IF(ISBLANK(B11),"",IF(ISBLANK(INDEX(Initial_entry!D:D,MATCH(B11,Initial_entry!F:F,0))),"No value entered",INDEX(Initial_entry!D:D,MATCH(B11,Initial_entry!F:F,0)))) | D11: {=IF(ISBLANK(B11),"",_xlfn.TEXTJOIN(CHAR(10),FALSE,_xlfn._xlws.FILTER(Initial_entry!E:E,Initial_entry!F:F=B11)))} | E11: =IF(ISBLANK(B11)," ",SUMIF(Initial_entry!F:F,B11,Initial_entry!G:G))
C12: =IF(ISBLANK(B12),"",IF(ISBLANK(INDEX(Initial_entry!D:D,MATCH(B12,Initial_entry!F:F,0))),"No value entered",INDEX(Initial_entry!D:D,MATCH(B12,Initial_entry!F:F,0)))) | D12: {=IF(ISBLANK(B12),"",_xlfn.TEXTJOIN(CHAR(10),FALSE,_xlfn._xlws.FILTER(Initial_entry!E:E,Initial_entry!F:F=B12)))} | E12: =IF(ISBLANK(B12)," ",SUMIF(Initial_entry!F:F,B12,Initial_entry!G:G))
D13: {=IF(ISBLANK(B13),"",_xlfn.TEXTJOIN(CHAR(10),FALSE,_xlfn._xlws.FILTER(Initial_entry!E:E,Initial_entry!F:F=B13)))}
D14: {=IF(ISBLANK(B14),"",_xlfn.TEXTJOIN(CHAR(10),FALSE,_xlfn._xlws.FILTER(Initial_entry!E:E,Initial_entry!F:F=B14)))}
D15: {=IF(ISBLANK(B15),"",_xlfn.TEXTJOIN(CHAR(10),FALSE,_xlfn._xlws.FILTER(Initial_entry!E:E,Initial_entry!F:F=B15)))}
D16: {=IF(ISBLANK(B16),"",_xlfn.TEXTJOIN(CHAR(10),FALSE,_xlfn._xlws.FILTER(Initial_entry!E:E,Initial_entry!F:F=B16)))}
D17: {=IF(ISBLANK(B17),"",_xlfn.TEXTJOIN(CHAR(10),FALSE,_xlfn._xlws.FILTER(Initial_entry!E:E,Initial_entry!F:F=B17)))}
D18: {=IF(ISBLANK(B18),"",_xlfn.TEXTJOIN(CHAR(10),FALSE,_xlfn._xlws.FILTER(Initial_entry!E:E,Initial_entry!F:F=B18)))}
D19: {=IF(ISBLANK(B19),"",_xlfn.TEXTJOIN(CHAR(10),FALSE,_xlfn._xlws.FILTER(Initial_entry!E:E,Initial_entry!F:F=B19)))}

Sheet Master_Sheet
A1: S.no | B1: Board | C1: Designator | D1: Manufacturer | E1: Description | F1: MPN | G1: Quantity | H1: Change_index | I1: Change comments | J1: Finalized_MPN | K1: Finalized_Manufacturer | L1: Finalized_Description | M1: Comments regd the new MPN regd the features
A2: =IF(ISBLANK(Initial_entry!#REF!),"",Initial_entry!#REF!) -> #REF! | B2: =IF(ISBLANK(Initial_entry!#REF!),"",Initial_entry!#REF!) -> #REF! | C2: =IF(ISBLANK(Initial_entry!#REF!),"",Initial_entry!#REF!) -> #REF! | D2: =IF(ISBLANK(Initial_entry!#REF!),"",Initial_entry!#REF!) -> #REF! | E2: =IF(ISBLANK(Initial_entry!#REF!),"",Initial_entry!#REF!) -> #REF! | F2: =IF(ISBLANK(Initial_entry!#REF!),,Initial_entry!#REF!) -> #REF! | G2: =IF(ISBLANK(Initial_entry!#REF!),"",Initial_entry!#REF!) -> #REF! | H2: =IF(F2=0," ",(AND(IF(J2=F2,0,1),F2<>0))) -> #REF! | I2: {=IF(F2=0," ",IF(ISBLANK(INDEX(Initial_Component_aggregator!F:F,MATCH(F2,Initial_Component_aggregator!B:B,0))),"No change",INDEX(Initial_Component_aggregator!F:F,MATCH(F2,Initial_Component_aggregator!B:B,0))))} -> #REF! | J2: {=IF(F2=0," ",IF(ISBLANK(INDEX(Initial_Component_aggregator!H:H,MATCH(F2,Initial_Component_aggregator!B:B,0))),F2,INDEX(Initial_Component_aggregator!H:H,MATCH(F2,Initial_Component_aggregator!B:B,0))))} -> #REF! | K2: {=IF(F2=0," ",IF(ISBLANK(INDEX(Initial_Component_aggregator!H:H,MATCH(F2,Initial_Component_aggregator!B:B))),D2,INDEX(Initial_Component_aggregator!I:I,MATCH(J2,Initial_Component_aggregator!H:H))))} -> #REF! | L2: {=IF(F2=0," ",IF(ISBLANK(INDEX(Initial_Component_aggregator!H:H,MATCH(F2,Initial_Component_aggregator!B:B))),E2,INDEX(Initial_Component_aggregator!J:J,MATCH(J2,Initial_Component_aggregator!H:H))))} -> #REF! | M2: {=IF(F2=0," ",IF(ISBLANK(INDEX(Initial_Component_aggregator!H:H,MATCH(F2,Initial_Component_aggregator!B:B))),F2,INDEX(Initial_Component_aggregator!K:K,MATCH(J2,Initial_Component_aggregator!H:H))))} -> #REF!
H3: =IF(F3=0," ",(AND(IF(J3=F3,0,1),F3<>0))) | I3: {=IF(F3=0," ",IF(ISBLANK(INDEX(Initial_Component_aggregator!F:F,MATCH(F3,Initial_Component_aggregator!B:B,0))),"No change",INDEX(Initial_Component_aggregator!F:F,MATCH(F3,Initial_Component_aggregator!B:B,0))))} | J3: {=IF(F3=0," ",IF(ISBLANK(INDEX(Initial_Component_aggregator!H:H,MATCH(F3,Initial_Component_aggregator!B:B,0))),F3,INDEX(Initial_Component_aggregator!H:H,MATCH(F3,Initial_Component_aggregator!B:B,0))))} | K3: {=IF(F3=0," ",IF(ISBLANK(INDEX(Initial_Component_aggregator!H:H,MATCH(F3,Initial_Component_aggregator!B:B))),D3,INDEX(Initial_Component_aggregator!I:I,MATCH(J3,Initial_Component_aggregator!H:H))))} | L3: {=IF(F3=0," ",IF(ISBLANK(INDEX(Initial_Component_aggregator!H:H,MATCH(F3,Initial_Component_aggregator!B:B))),E3,INDEX(Initial_Component_aggregator!J:J,MATCH(J3,Initial_Component_aggregator!H:H))))} | M3: {=IF(F3=0," ",IF(ISBLANK(INDEX(Initial_Component_aggregator!H:H,MATCH(F3,Initial_Component_aggregator!B:B))),F3,INDEX(Initial_Component_aggregator!K:K,MATCH(J3,Initial_Component_aggregator!H:H))))}
H4: =IF(F4=0," ",(AND(IF(J4=F4,0,1),F4<>0))) | I4: {=IF(F4=0," ",IF(ISBLANK(INDEX(Initial_Component_aggregator!F:F,MATCH(F4,Initial_Component_aggregator!B:B,0))),"No change",INDEX(Initial_Component_aggregator!F:F,MATCH(F4,Initial_Component_aggregator!B:B,0))))} | J4: {=IF(F4=0," ",IF(ISBLANK(INDEX(Initial_Component_aggregator!H:H,MATCH(F4,Initial_Component_aggregator!B:B,0))),F4,INDEX(Initial_Component_aggregator!H:H,MATCH(F4,Initial_Component_aggregator!B:B,0))))} | K4: {=IF(F4=0," ",IF(ISBLANK(INDEX(Initial_Component_aggregator!H:H,MATCH(F4,Initial_Component_aggregator!B:B))),D4,INDEX(Initial_Component_aggregator!I:I,MATCH(J4,Initial_Component_aggregator!H:H))))} | L4: {=IF(F4=0," ",IF(ISBLANK(INDEX(Initial_Component_aggregator!H:H,MATCH(F4,Initial_Component_aggregator!B:B))),E4,INDEX(Initial_Component_aggregator!J:J,MATCH(J4,Initial_Component_aggregator!H:H))))} | M4: {=IF(F4=0," ",IF(ISBLANK(INDEX(Initial_Component_aggregator!H:H,MATCH(F4,Initial_Component_aggregator!B:B))),F4,INDEX(Initial_Component_aggregator!K:K,MATCH(J4,Initial_Component_aggregator!H:H))))}
H5: =IF(F5=0," ",(AND(IF(J5=F5,0,1),F5<>0))) | I5: {=IF(F5=0," ",IF(ISBLANK(INDEX(Initial_Component_aggregator!F:F,MATCH(F5,Initial_Component_aggregator!B:B,0))),"No change",INDEX(Initial_Component_aggregator!F:F,MATCH(F5,Initial_Component_aggregator!B:B,0))))} | J5: {=IF(F5=0," ",IF(ISBLANK(INDEX(Initial_Component_aggregator!H:H,MATCH(F5,Initial_Component_aggregator!B:B,0))),F5,INDEX(Initial_Component_aggregator!H:H,MATCH(F5,Initial_Component_aggregator!B:B,0))))} | K5: {=IF(F5=0," ",IF(ISBLANK(INDEX(Initial_Component_aggregator!H:H,MATCH(F5,Initial_Component_aggregator!B:B))),D5,INDEX(Initial_Component_aggregator!I:I,MATCH(J5,Initial_Component_aggregator!H:H))))} | L5: {=IF(F5=0," ",IF(ISBLANK(INDEX(Initial_Component_aggregator!H:H,MATCH(F5,Initial_Component_aggregator!B:B))),E5,INDEX(Initial_Component_aggregator!J:J,MATCH(J5,Initial_Component_aggregator!H:H))))} | M5: {=IF(F5=0," ",IF(ISBLANK(INDEX(Initial_Component_aggregator!H:H,MATCH(F5,Initial_Component_aggregator!B:B))),F5,INDEX(Initial_Component_aggregator!K:K,MATCH(J5,Initial_Component_aggregator!H:H))))}
H6: =IF(F6=0," ",(AND(IF(J6=F6,0,1),F6<>0))) | I6: {=IF(F6=0," ",IF(ISBLANK(INDEX(Initial_Component_aggregator!F:F,MATCH(F6,Initial_Component_aggregator!B:B,0))),"No change",INDEX(Initial_Component_aggregator!F:F,MATCH(F6,Initial_Component_aggregator!B:B,0))))} | J6: {=IF(F6=0," ",IF(ISBLANK(INDEX(Initial_Component_aggregator!H:H,MATCH(F6,Initial_Component_aggregator!B:B,0))),F6,INDEX(Initial_Component_aggregator!H:H,MATCH(F6,Initial_Component_aggregator!B:B,0))))} | K6: {=IF(F6=0," ",IF(ISBLANK(INDEX(Initial_Component_aggregator!H:H,MATCH(F6,Initial_Component_aggregator!B:B))),D6,INDEX(Initial_Component_aggregator!I:I,MATCH(J6,Initial_Component_aggregator!H:H))))} | L6: {=IF(F6=0," ",IF(ISBLANK(INDEX(Initial_Component_aggregator!H:H,MATCH(F6,Initial_Component_aggregator!B:B))),E6,INDEX(Initial_Component_aggregator!J:J,MATCH(J6,Initial_Component_aggregator!H:H))))} | M6: {=IF(F6=0," ",IF(ISBLANK(INDEX(Initial_Component_aggregator!H:H,MATCH(F6,Initial_Component_aggregator!B:B))),F6,INDEX(Initial_Component_aggregator!K:K,MATCH(J6,Initial_Component_aggregator!H:H))))}
H7: =IF(F7=0," ",(AND(IF(J7=F7,0,1),F7<>0))) | I7: {=IF(F7=0," ",IF(ISBLANK(INDEX(Initial_Component_aggregator!F:F,MATCH(F7,Initial_Component_aggregator!B:B,0))),"No change",INDEX(Initial_Component_aggregator!F:F,MATCH(F7,Initial_Component_aggregator!B:B,0))))} | J7: {=IF(F7=0," ",IF(ISBLANK(INDEX(Initial_Component_aggregator!H:H,MATCH(F7,Initial_Component_aggregator!B:B,0))),F7,INDEX(Initial_Component_aggregator!H:H,MATCH(F7,Initial_Component_aggregator!B:B,0))))} | K7: {=IF(F7=0," ",IF(ISBLANK(INDEX(Initial_Component_aggregator!H:H,MATCH(F7,Initial_Component_aggregator!B:B))),D7,INDEX(Initial_Component_aggregator!I:I,MATCH(J7,Initial_Component_aggregator!H:H))))} | L7: {=IF(F7=0," ",IF(ISBLANK(INDEX(Initial_Component_aggregator!H:H,MATCH(F7,Initial_Component_aggregator!B:B))),E7,INDEX(Initial_Component_aggregator!J:J,MATCH(J7,Initial_Component_aggregator!H:H))))} | M7: {=IF(F7=0," ",IF(ISBLANK(INDEX(Initial_Component_aggregator!H:H,MATCH(F7,Initial_Component_aggregator!B:B))),F7,INDEX(Initial_Component_aggregator!K:K,MATCH(J7,Initial_Component_aggregator!H:H))))}
H8: =IF(F8=0," ",(AND(IF(J8=F8,0,1),F8<>0))) | I8: {=IF(F8=0," ",IF(ISBLANK(INDEX(Initial_Component_aggregator!F:F,MATCH(F8,Initial_Component_aggregator!B:B,0))),"No change",INDEX(Initial_Component_aggregator!F:F,MATCH(F8,Initial_Component_aggregator!B:B,0))))} | J8: {=IF(F8=0," ",IF(ISBLANK(INDEX(Initial_Component_aggregator!H:H,MATCH(F8,Initial_Component_aggregator!B:B,0))),F8,INDEX(Initial_Component_aggregator!H:H,MATCH(F8,Initial_Component_aggregator!B:B,0))))} | K8: {=IF(F8=0," ",IF(ISBLANK(INDEX(Initial_Component_aggregator!H:H,MATCH(F8,Initial_Component_aggregator!B:B))),D8,INDEX(Initial_Component_aggregator!I:I,MATCH(J8,Initial_Component_aggregator!H:H))))} | L8: {=IF(F8=0," ",IF(ISBLANK(INDEX(Initial_Component_aggregator!H:H,MATCH(F8,Initial_Component_aggregator!B:B))),E8,INDEX(Initial_Component_aggregator!J:J,MATCH(J8,Initial_Component_aggregator!H:H))))} | M8: {=IF(F8=0," ",IF(ISBLANK(INDEX(Initial_Component_aggregator!H:H,MATCH(F8,Initial_Component_aggregator!B:B))),F8,INDEX(Initial_Component_aggregator!K:K,MATCH(J8,Initial_Component_aggregator!H:H))))}
H9: =IF(F9=0," ",(AND(IF(J9=F9,0,1),F9<>0))) | I9: {=IF(F9=0," ",IF(ISBLANK(INDEX(Initial_Component_aggregator!F:F,MATCH(F9,Initial_Component_aggregator!B:B,0))),"No change",INDEX(Initial_Component_aggregator!F:F,MATCH(F9,Initial_Component_aggregator!B:B,0))))} | J9: {=IF(F9=0," ",IF(ISBLANK(INDEX(Initial_Component_aggregator!H:H,MATCH(F9,Initial_Component_aggregator!B:B,0))),F9,INDEX(Initial_Component_aggregator!H:H,MATCH(F9,Initial_Component_aggregator!B:B,0))))} | K9: {=IF(F9=0," ",IF(ISBLANK(INDEX(Initial_Component_aggregator!H:H,MATCH(F9,Initial_Component_aggregator!B:B))),D9,INDEX(Initial_Component_aggregator!I:I,MATCH(J9,Initial_Component_aggregator!H:H))))} | L9: {=IF(F9=0," ",IF(ISBLANK(INDEX(Initial_Component_aggregator!H:H,MATCH(F9,Initial_Component_aggregator!B:B))),E9,INDEX(Initial_Component_aggregator!J:J,MATCH(J9,Initial_Component_aggregator!H:H))))} | M9: {=IF(F9=0," ",IF(ISBLANK(INDEX(Initial_Component_aggregator!H:H,MATCH(F9,Initial_Component_aggregator!B:B))),F9,INDEX(Initial_Component_aggregator!K:K,MATCH(J9,Initial_Component_aggregator!H:H))))}
H10: =IF(F10=0," ",(AND(IF(J10=F10,0,1),F10<>0))) | I10: {=IF(F10=0," ",IF(ISBLANK(INDEX(Initial_Component_aggregator!F:F,MATCH(F10,Initial_Component_aggregator!B:B,0))),"No change",INDEX(Initial_Component_aggregator!F:F,MATCH(F10,Initial_Component_aggregator!B:B,0))))} | J10: {=IF(F10=0," ",IF(ISBLANK(INDEX(Initial_Component_aggregator!H:H,MATCH(F10,Initial_Component_aggregator!B:B,0))),F10,INDEX(Initial_Component_aggregator!H:H,MATCH(F10,Initial_Component_aggregator!B:B,0))))} | K10: {=IF(F10=0," ",IF(ISBLANK(INDEX(Initial_Component_aggregator!H:H,MATCH(F10,Initial_Component_aggregator!B:B))),D10,INDEX(Initial_Component_aggregator!I:I,MATCH(J10,Initial_Component_aggregator!H:H))))} | L10: {=IF(F10=0," ",IF(ISBLANK(INDEX(Initial_Component_aggregator!H:H,MATCH(F10,Initial_Component_aggregator!B:B))),E10,INDEX(Initial_Component_aggregator!J:J,MATCH(J10,Initial_Component_aggregator!H:H))))} | M10: {=IF(F10=0," ",IF(ISBLANK(INDEX(Initial_Component_aggregator!H:H,MATCH(F10,Initial_Component_aggregator!B:B))),F10,INDEX(Initial_Component_aggregator!K:K,MATCH(J10,Initial_Component_aggregator!H:H))))}
H11: =IF(F11=0," ",(AND(IF(J11=F11,0,1),F11<>0))) | I11: {=IF(F11=0," ",IF(ISBLANK(INDEX(Initial_Component_aggregator!F:F,MATCH(F11,Initial_Component_aggregator!B:B,0))),"No change",INDEX(Initial_Component_aggregator!F:F,MATCH(F11,Initial_Component_aggregator!B:B,0))))} | J11: {=IF(F11=0," ",IF(ISBLANK(INDEX(Initial_Component_aggregator!H:H,MATCH(F11,Initial_Component_aggregator!B:B,0))),F11,INDEX(Initial_Component_aggregator!H:H,MATCH(F11,Initial_Component_aggregator!B:B,0))))} | K11: {=IF(F11=0," ",IF(ISBLANK(INDEX(Initial_Component_aggregator!H:H,MATCH(F11,Initial_Component_aggregator!B:B))),D11,INDEX(Initial_Component_aggregator!I:I,MATCH(J11,Initial_Component_aggregator!H:H))))} | L11: {=IF(F11=0," ",IF(ISBLANK(INDEX(Initial_Component_aggregator!H:H,MATCH(F11,Initial_Component_aggregator!B:B))),E11,INDEX(Initial_Component_aggregator!J:J,MATCH(J11,Initial_Component_aggregator!H:H))))} | M11: {=IF(F11=0," ",IF(ISBLANK(INDEX(Initial_Component_aggregator!H:H,MATCH(F11,Initial_Component_aggregator!B:B))),F11,INDEX(Initial_Component_aggregator!K:K,MATCH(J11,Initial_Component_aggregator!H:H))))}
H12: =IF(F12=0," ",(AND(IF(J12=F12,0,1),F12<>0))) | I12: {=IF(F12=0," ",IF(ISBLANK(INDEX(Initial_Component_aggregator!F:F,MATCH(F12,Initial_Component_aggregator!B:B,0))),"No change",INDEX(Initial_Component_aggregator!F:F,MATCH(F12,Initial_Component_aggregator!B:B,0))))} | J12: {=IF(F12=0," ",IF(ISBLANK(INDEX(Initial_Component_aggregator!H:H,MATCH(F12,Initial_Component_aggregator!B:B,0))),F12,INDEX(Initial_Component_aggregator!H:H,MATCH(F12,Initial_Component_aggregator!B:B,0))))} | K12: {=IF(F12=0," ",IF(ISBLANK(INDEX(Initial_Component_aggregator!H:H,MATCH(F12,Initial_Component_aggregator!B:B))),D12,INDEX(Initial_Component_aggregator!I:I,MATCH(J12,Initial_Component_aggregator!H:H))))} | L12: {=IF(F12=0," ",IF(ISBLANK(INDEX(Initial_Component_aggregator!H:H,MATCH(F12,Initial_Component_aggregator!B:B))),E12,INDEX(Initial_Component_aggregator!J:J,MATCH(J12,Initial_Component_aggregator!H:H))))} | M12: {=IF(F12=0," ",IF(ISBLANK(INDEX(Initial_Component_aggregator!H:H,MATCH(F12,Initial_Component_aggregator!B:B))),F12,INDEX(Initial_Component_aggregator!K:K,MATCH(J12,Initial_Component_aggregator!H:H))))}
H13: =IF(F13=0," ",(AND(IF(J13=F13,0,1),F13<>0))) | I13: {=IF(F13=0," ",IF(ISBLANK(INDEX(Initial_Component_aggregator!F:F,MATCH(F13,Initial_Component_aggregator!B:B,0))),"No change",INDEX(Initial_Component_aggregator!F:F,MATCH(F13,Initial_Component_aggregator!B:B,0))))} | J13: {=IF(F13=0," ",IF(ISBLANK(INDEX(Initial_Component_aggregator!H:H,MATCH(F13,Initial_Component_aggregator!B:B,0))),F13,INDEX(Initial_Component_aggregator!H:H,MATCH(F13,Initial_Component_aggregator!B:B,0))))} | K13: {=IF(F13=0," ",IF(ISBLANK(INDEX(Initial_Component_aggregator!H:H,MATCH(F13,Initial_Component_aggregator!B:B))),D13,INDEX(Initial_Component_aggregator!I:I,MATCH(J13,Initial_Component_aggregator!H:H))))} | L13: {=IF(F13=0," ",IF(ISBLANK(INDEX(Initial_Component_aggregator!H:H,MATCH(F13,Initial_Component_aggregator!B:B))),E13,INDEX(Initial_Component_aggregator!J:J,MATCH(J13,Initial_Component_aggregator!H:H))))} | M13: {=IF(F13=0," ",IF(ISBLANK(INDEX(Initial_Component_aggregator!H:H,MATCH(F13,Initial_Component_aggregator!B:B))),F13,INDEX(Initial_Component_aggregator!K:K,MATCH(J13,Initial_Component_aggregator!H:H))))}
H14: =IF(F14=0," ",(AND(IF(J14=F14,0,1),F14<>0))) | I14: {=IF(F14=0," ",IF(ISBLANK(INDEX(Initial_Component_aggregator!F:F,MATCH(F14,Initial_Component_aggregator!B:B,0))),"No change",INDEX(Initial_Component_aggregator!F:F,MATCH(F14,Initial_Component_aggregator!B:B,0))))} | J14: {=IF(F14=0," ",IF(ISBLANK(INDEX(Initial_Component_aggregator!H:H,MATCH(F14,Initial_Component_aggregator!B:B,0))),F14,INDEX(Initial_Component_aggregator!H:H,MATCH(F14,Initial_Component_aggregator!B:B,0))))} | K14: {=IF(F14=0," ",IF(ISBLANK(INDEX(Initial_Component_aggregator!H:H,MATCH(F14,Initial_Component_aggregator!B:B))),D14,INDEX(Initial_Component_aggregator!I:I,MATCH(J14,Initial_Component_aggregator!H:H))))} | L14: {=IF(F14=0," ",IF(ISBLANK(INDEX(Initial_Component_aggregator!H:H,MATCH(F14,Initial_Component_aggregator!B:B))),E14,INDEX(Initial_Component_aggregator!J:J,MATCH(J14,Initial_Component_aggregator!H:H))))} | M14: {=IF(F14=0," ",IF(ISBLANK(INDEX(Initial_Component_aggregator!H:H,MATCH(F14,Initial_Component_aggregator!B:B))),F14,INDEX(Initial_Component_aggregator!K:K,MATCH(J14,Initial_Component_aggregator!H:H))))}
... H500: =IF(F500=0," ",(AND(IF(J500=F500,0,1),F500<>0))) | I500: {=IF(F500=0," ",IF(ISBLANK(INDEX(Initial_Component_aggregator!F:F,MATCH(F500,Initial_Component_aggregator!B:B,0))),"No change",INDEX(Initial_Component_aggregator!F:F,MATCH(F500,Initial_Component_aggregator!B:B,0))))} | J500: {=IF(F500=0," ",IF(ISBLANK(INDEX(Initial_Component_aggregator!H:H,MATCH(F500,Initial_Component_aggregator!B:B,0))),F500,INDEX(Initial_Component_aggregator!H:H,MATCH(F500,Initial_Component_aggregator!B:B,0))))} | K500: {=IF(F500=0," ",IF(ISBLANK(INDEX(Initial_Component_aggregator!H:H,MATCH(F500,Initial_Component_aggregator!B:B))),D500,INDEX(Initial_Component_aggregator!I:I,MATCH(J500,Initial_Component_aggregator!H:H))))} | L500: {=IF(F500=0," ",IF(ISBLANK(INDEX(Initial_Component_aggregator!H:H,MATCH(F500,Initial_Component_aggregator!B:B))),E500,INDEX(Initial_Component_aggregator!J:J,MATCH(J500,Initial_Component_aggregator!H:H))))} | M500: {=IF(F500=0," ",IF(ISBLANK(INDEX(Initial_Component_aggregator!H:H,MATCH(F500,Initial_Component_aggregator!B:B))),F500,INDEX(Initial_Component_aggregator!K:K,MATCH(J500,Initial_Component_aggregator!H:H))))}

Sheet Final_Master_Sheet
A1: S.no | B1: Board | C1: Designator | D1: Manufacturer | E1: Description | F1: MPN | G1: Quantity
A2: =IF(ISBLANK(Initial_entry!#REF!),,Initial_entry!#REF!) -> #REF! | B2: =IF(ISBLANK(Initial_entry!#REF!),"",Initial_entry!#REF!) -> #REF! | C2: =IF(ISBLANK(Initial_entry!#REF!),"",Initial_entry!#REF!) -> #REF! | D2: {=IF(A2=0,"",INDEX(Master_Sheet!K:K,MATCH(A2,Master_Sheet!A:A,0)))} -> #REF! | E2: {=IF(A2=0,"",INDEX(Master_Sheet!L:L,MATCH(A2,Master_Sheet!A:A,0)))} -> #REF! | F2: {=IF(A2=0," ",INDEX(Master_Sheet!J:J,MATCH(A2,Master_Sheet!A:A,0)))} -> #REF! | G2: {=IF(A2=0,"",INDEX(Master_Sheet!G:G,MATCH(A2,Master_Sheet!A:A,0)))} -> #REF!
A3: =IF(ISBLANK(Initial_entry!A2),,Initial_entry!A2) -> 1 | B3: =IF(ISBLANK(Initial_entry!B2),"",Initial_entry!B2) -> 1, 2 | C3: =IF(ISBLANK(Initial_entry!C2),"",Initial_entry!C2) -> ON Semiconductor | D3: {=IF(A3=0,"",INDEX(Master_Sheet!K:K,MATCH(A3,Master_Sheet!A:A,0)))} -> #N/A | E3: {=IF(A3=0,"",INDEX(Master_Sheet!L:L,MATCH(A3,Master_Sheet!A:A,0)))} -> #N/A | F3: {=IF(A3=0," ",INDEX(Master_Sheet!J:J,MATCH(A3,Master_Sheet!A:A,0)))} -> #N/A | G3: {=IF(A3=0,"",INDEX(Master_Sheet!G:G,MATCH(A3,Master_Sheet!A:A,0)))} -> #N/A
A4: =IF(ISBLANK(Initial_entry!A3),,Initial_entry!A3) -> 2 | B4: =IF(ISBLANK(Initial_entry!B3),"",Initial_entry!B3) -> Battery | C4: =IF(ISBLANK(Initial_entry!C3),"",Initial_entry!C3) -> TE Connectivity | D4: {=IF(A4=0,"",INDEX(Master_Sheet!K:K,MATCH(A4,Master_Sheet!A:A,0)))} -> #N/A | E4: {=IF(A4=0,"",INDEX(Master_Sheet!L:L,MATCH(A4,Master_Sheet!A:A,0)))} -> #N/A | F4: {=IF(A4=0," ",INDEX(Master_Sheet!J:J,MATCH(A4,Master_Sheet!A:A,0)))} -> #N/A | G4: {=IF(A4=0,"",INDEX(Master_Sheet!G:G,MATCH(A4,Master_Sheet!A:A,0)))} -> #N/A
A5: =IF(ISBLANK(Initial_entry!A4),,Initial_entry!A4) -> 3 | B5: =IF(ISBLANK(Initial_entry!B4),"",Initial_entry!B4) -> C1 | C5: =IF(ISBLANK(Initial_entry!C4),"",Initial_entry!C4) -> Yageo | D5: {=IF(A5=0,"",INDEX(Master_Sheet!K:K,MATCH(A5,Master_Sheet!A:A,0)))} -> #N/A | E5: {=IF(A5=0,"",INDEX(Master_Sheet!L:L,MATCH(A5,Master_Sheet!A:A,0)))} -> #N/A | F5: {=IF(A5=0," ",INDEX(Master_Sheet!J:J,MATCH(A5,Master_Sheet!A:A,0)))} -> #N/A | G5: {=IF(A5=0,"",INDEX(Master_Sheet!G:G,MATCH(A5,Master_Sheet!A:A,0)))} -> #N/A
A6: =IF(ISBLANK(Initial_entry!A5),,Initial_entry!A5) -> 4 | B6: =IF(ISBLANK(Initial_entry!B5),"",Initial_entry!B5) -> C2 | C6: =IF(ISBLANK(Initial_entry!C5),"",Initial_entry!C5) -> Samsung | D6: {=IF(A6=0,"",INDEX(Master_Sheet!K:K,MATCH(A6,Master_Sheet!A:A,0)))} -> #N/A | E6: {=IF(A6=0,"",INDEX(Master_Sheet!L:L,MATCH(A6,Master_Sheet!A:A,0)))} -> #N/A | F6: {=IF(A6=0," ",INDEX(Master_Sheet!J:J,MATCH(A6,Master_Sheet!A:A,0)))} -> #N/A | G6: {=IF(A6=0,"",INDEX(Master_Sheet!G:G,MATCH(A6,Master_Sheet!A:A,0)))} -> #N/A
A7: =IF(ISBLANK(Initial_entry!A6),,Initial_entry!A6) -> 5 | B7: =IF(ISBLANK(Initial_entry!B6),"",Initial_entry!B6) -> C3, C7, C10 | C7: =IF(ISBLANK(Initial_entry!C6),"",Initial_entry!C6) -> TDK | D7: {=IF(A7=0,"",INDEX(Master_Sheet!K:K,MATCH(A7,Master_Sheet!A:A,0)))} -> #N/A | E7: {=IF(A7=0,"",INDEX(Master_Sheet!L:L,MATCH(A7,Master_Sheet!A:A,0)))} -> #N/A | F7: {=IF(A7=0," ",INDEX(Master_Sheet!J:J,MATCH(A7,Master_Sheet!A:A,0)))} -> #N/A | G7: {=IF(A7=0,"",INDEX(Master_Sheet!G:G,MATCH(A7,Master_Sheet!A:A,0)))} -> #N/A
A8: =IF(ISBLANK(Initial_entry!A7),,Initial_entry!A7) -> 6 | B8: =IF(ISBLANK(Initial_entry!B7),"",Initial_entry!B7) -> C4 | C8: =IF(ISBLANK(Initial_entry!C7),"",Initial_entry!C7) -> TDK | D8: {=IF(A8=0,"",INDEX(Master_Sheet!K:K,MATCH(A8,Master_Sheet!A:A,0)))} -> #N/A | E8: {=IF(A8=0,"",INDEX(Master_Sheet!L:L,MATCH(A8,Master_Sheet!A:A,0)))} -> #N/A | F8: {=IF(A8=0," ",INDEX(Master_Sheet!J:J,MATCH(A8,Master_Sheet!A:A,0)))} -> #N/A | G8: {=IF(A8=0,"",INDEX(Master_Sheet!G:G,MATCH(A8,Master_Sheet!A:A,0)))} -> #N/A
A9: =IF(ISBLANK(Initial_entry!A8),,Initial_entry!A8) -> 7 | B9: =IF(ISBLANK(Initial_entry!B8),"",Initial_entry!B8) -> C5 | C9: =IF(ISBLANK(Initial_entry!C8),"",Initial_entry!C8) -> Samsung | D9: {=IF(A9=0,"",INDEX(Master_Sheet!K:K,MATCH(A9,Master_Sheet!A:A,0)))} -> #N/A | E9: {=IF(A9=0,"",INDEX(Master_Sheet!L:L,MATCH(A9,Master_Sheet!A:A,0)))} -> #N/A | F9: {=IF(A9=0," ",INDEX(Master_Sheet!J:J,MATCH(A9,Master_Sheet!A:A,0)))} -> #N/A | G9: {=IF(A9=0,"",INDEX(Master_Sheet!G:G,MATCH(A9,Master_Sheet!A:A,0)))} -> #N/A
A10: =IF(ISBLANK(Initial_entry!A9),,Initial_entry!A9) -> 8 | B10: =IF(ISBLANK(Initial_entry!B9),"",Initial_entry!B9) -> C6, C9 | C10: =IF(ISBLANK(Initial_entry!C9),"",Initial_entry!C9) -> TDK | D10: {=IF(A10=0,"",INDEX(Master_Sheet!K:K,MATCH(A10,Master_Sheet!A:A,0)))} -> #N/A | E10: {=IF(A10=0,"",INDEX(Master_Sheet!L:L,MATCH(A10,Master_Sheet!A:A,0)))} -> #N/A | F10: {=IF(A10=0," ",INDEX(Master_Sheet!J:J,MATCH(A10,Master_Sheet!A:A,0)))} -> #N/A | G10: {=IF(A10=0,"",INDEX(Master_Sheet!G:G,MATCH(A10,Master_Sheet!A:A,0)))} -> #N/A
A11: =IF(ISBLANK(Initial_entry!A10),,Initial_entry!A10) -> 9 | B11: =IF(ISBLANK(Initial_entry!B10),"",Initial_entry!B10) -> C8 | C11: =IF(ISBLANK(Initial_entry!C10),"",Initial_entry!C10) -> YAGEO | D11: {=IF(A11=0,"",INDEX(Master_Sheet!K:K,MATCH(A11,Master_Sheet!A:A,0)))} -> #N/A | E11: {=IF(A11=0,"",INDEX(Master_Sheet!L:L,MATCH(A11,Master_Sheet!A:A,0)))} -> #N/A | F11: {=IF(A11=0," ",INDEX(Master_Sheet!J:J,MATCH(A11,Master_Sheet!A:A,0)))} -> #N/A | G11: {=IF(A11=0,"",INDEX(Master_Sheet!G:G,MATCH(A11,Master_Sheet!A:A,0)))} -> #N/A
A12: =IF(ISBLANK(Initial_entry!A11),,Initial_entry!A11) -> 10 | B12: =IF(ISBLANK(Initial_entry!B11),"",Initial_entry!B11) -> Connector | C12: =IF(ISBLANK(Initial_entry!C11),"",Initial_entry!C11) -> Molex | D12: {=IF(A12=0,"",INDEX(Master_Sheet!K:K,MATCH(A12,Master_Sheet!A:A,0)))} -> #N/A | E12: {=IF(A12=0,"",INDEX(Master_Sheet!L:L,MATCH(A12,Master_Sheet!A:A,0)))} -> #N/A | F12: {=IF(A12=0," ",INDEX(Master_Sheet!J:J,MATCH(A12,Master_Sheet!A:A,0)))} -> #N/A | G12: {=IF(A12=0,"",INDEX(Master_Sheet!G:G,MATCH(A12,Master_Sheet!A:A,0)))} -> #N/A
A13: =IF(ISBLANK(Initial_entry!A12),,Initial_entry!A12) -> 11 | B13: =IF(ISBLANK(Initial_entry!B12),"",Initial_entry!B12) -> D1 | C13: =IF(ISBLANK(Initial_entry!C12),"",Initial_entry!C12) -> ON Semiconductor | D13: {=IF(A13=0,"",INDEX(Master_Sheet!K:K,MATCH(A13,Master_Sheet!A:A,0)))} -> #N/A | E13: {=IF(A13=0,"",INDEX(Master_Sheet!L:L,MATCH(A13,Master_Sheet!A:A,0)))} -> #N/A | F13: {=IF(A13=0," ",INDEX(Master_Sheet!J:J,MATCH(A13,Master_Sheet!A:A,0)))} -> #N/A | G13: {=IF(A13=0,"",INDEX(Master_Sheet!G:G,MATCH(A13,Master_Sheet!A:A,0)))} -> #N/A
A14: =IF(ISBLANK(Initial_entry!A13),,Initial_entry!A13) -> 12 | B14: =IF(ISBLANK(Initial_entry!B13),"",Initial_entry!B13) -> IC1 | C14: =IF(ISBLANK(Initial_entry!C13),"",Initial_entry!C13) -> ON Semiconductor | D14: {=IF(A14=0,"",INDEX(Master_Sheet!K:K,MATCH(A14,Master_Sheet!A:A,0)))} -> #N/A | E14: {=IF(A14=0,"",INDEX(Master_Sheet!L:L,MATCH(A14,Master_Sheet!A:A,0)))} -> #N/A | F14: {=IF(A14=0," ",INDEX(Master_Sheet!J:J,MATCH(A14,Master_Sheet!A:A,0)))} -> #N/A | G14: {=IF(A14=0,"",INDEX(Master_Sheet!G:G,MATCH(A14,Master_Sheet!A:A,0)))} -> #N/A
... A162: =IF(ISBLANK(Initial_entry!A161),,Initial_entry!A161) -> 0 | B162: =IF(ISBLANK(Initial_entry!B161),"",Initial_entry!B161) | C162: =IF(ISBLANK(Initial_entry!C161),"",Initial_entry!C161) | D162: {=IF(A162=0,"",INDEX(Master_Sheet!K:K,MATCH(A162,Master_Sheet!A:A,0)))} | E162: {=IF(A162=0,"",INDEX(Master_Sheet!L:L,MATCH(A162,Master_Sheet!A:A,0)))} | F162: {=IF(A162=0," ",INDEX(Master_Sheet!J:J,MATCH(A162,Master_Sheet!A:A,0)))} | G162: {=IF(A162=0,"",INDEX(Master_Sheet!G:G,MATCH(A162,Master_Sheet!A:A,0)))}

Sheet Final_Component_List
A1: S.No | B1: MPN | C1: Manufacturer | D1: Description | E1: Quantity_per_board | F1: Existing_Quantity | G1: Wanna_still_buy | H1: How_many
A2: 1 | B2: {=_xlfn.UNIQUE(Final_Master_Sheet!F2:F400,0)} -> #REF! | C2: {=IF(ISBLANK(B2)," ",INDEX(Final_Master_Sheet!D:D,MATCH(B2,Final_Master_Sheet!F:F,0)))} -> #REF! | D2: {=IF(ISBLANK(B2),"",INDEX(Final_Master_Sheet!E:E,MATCH(B2,Final_Master_Sheet!F:F,0)))} -> #REF! | E2: =IF((SUMIF(Final_Master_Sheet!F:F,B2,Final_Master_Sheet!G:G))=0," ",SUMIF(Final_Master_Sheet!F:F,B2,Final_Master_Sheet!G:G)) -> #REF! | F2: {=INDEX('[1]Table 1'!$F:$F,MATCH(B2,'[1]Table 1'!$C:$C,0))} -> #REF!
A3: 2 | B3: #N/A
A4: 3
A5: 4 | B5: 0
A6: 5
A7: 6
A8: 7
A9: 8
A10: 9
A11: 10
A12: 11
A13: 12
A14: 13
A15: 14
A16: 15
A17: 16
... A301: 300
