Workbook

Sheet Sheet1
B2: Integrated Energy calculation for EV Charging Stations
B4: Power Generation | J4: PCC - Point of common coupling | Q4: ESS - Charging
B5: Power Source | C5: Voltage [V] | D5: Current [I] | E5: % of Generation/day | F5: Required Power | G5: Power [P]- KW/hr | H5: Power/day | J5: PCC will Logically controlled on aavalibility of source | Q5: No.of batteries | S5: 40
B6: Solar | C6: 430 | D6: =(F6/C6)*100 -> 16.666667 | E6: 60 | F6: =(G6/E6%) -> 71.666667 | G6: =(H6/24) -> 43 | H6: 1032 | J6: Voltage - [V] | M6: 430 | N6: Output Power/day in KW | Q6: Voltage | S6: 12
B7: ESS | C7: 480 | D7: =(F7/C7)*100 -> 16.666667 | E7: 30 | F7: =(G7/E7%) -> 80 | G7: =(H7/24) -> 24 | H7: 576 | J7: Current - [I] | M7: =(M8/M6)*100 -> 17.44186 | Q7: Amper hour - capacity | S7: 100
B8: Grid | C8: 435 | D8: =(F8/C8)*100 -> 20.019157 | E8: 10 | F8: =(G8/E8%) -> 87.083333 | G8: =(H8/24) -> 8.7083333 | H8: 209 | J8: Power - [W] - KW/h | M8: 75 | N8: =(M8*24) -> 1800 | O8: Gen /day | Q8: Power / charge - Watt / hr | S8: =(S6*S5)*S7 -> 48000
B9: Total Power Generation per day in KW/24 hr | H9: =SUM(H6:H8) -> 1817 | J9: Power Avaliability | M9: =(N8-N9)/24 -> 1.1666667 | N9: =(S9+D19+G31) -> 1772 | O9: use / day | Q9: Power / one cycle charge - KW | S9: =(S8/1000) -> 48
B11: Fast Charging Station Load | N11: Total Energy claculation
B12: Cars | C12: Voltage (V) | D12: Power (kW) | E12: Battery Capacity (kWh) | F12: SOC Avaliable | G12: Required Current | I12: Charging Time in hr | K12: Unit charge | L12: Cost | N12: Power sources | P12: KW / day | Q12: KW / Month | R12: KW / year | S12: KW / 5 years
B13: 1 - Tata Nexon - EV | C13: 400 | D13: 30.2 | E13: 30.2 | F13: 20 | G13: =(D13/C13)*1000 -> 75.5 | I13: =(75*(1-(F13/3600)))/D13 -> 2.4696468 | K13: 10 | L13: =(I13*D13)*K13 -> 745.83333 | N13: Required full Power From Grid | P13: =$H$9 -> 1817 | Q13: =(P13*30) -> 54510 | R13: =(P13*365) -> 663205 | S13: =(R13*5) -> 3316025
B14: 2- MG ZS EV | C14: 400 | D14: 50 | E14: 44.5 | F14: 30 | G14: =(D14/C14)*1000 -> 125 | I14: =(75*(1-(F14/3600)))/D14 -> 1.4875 | K14: 10 | L14: =(I14*D14)*K14 -> 743.75 | N14: Solar | P14: =H6 -> 1032 | Q14: =(P14*30) -> 30960 | R14: =(P14*365) -> 376680 | S14: =(R14*5) -> 1883400
B15: 3-Tata Trigo EV | C15: 400 | D15: 16.8 | E15: 26 | F15: 50 | G15: =(D15/C15)*1000 -> 42 | I15: =(75*(1-(F15/3600)))/D15 -> 4.4022817 | K15: 10 | L15: =(I15*D15)*K15 -> 739.58333 | N15: ESS | P15: =H7 -> 576 | Q15: =(P15*30) -> 17280 | R15: =(P15*365) -> 210240 | S15: =(R15*5) -> 1051200
B16: 4- Mahindra eVerito | C16: 400 | D16: 70 | E16: 60 | F16: 10 | G16: =(D16/C16)*1000 -> 175 | I16: =(75*(1-(F16/3600)))/D16 -> 1.0684524 | K16: 10 | L16: =(I16*D16)*K16 -> 747.91667 | N16: Grid | P16: =H8 -> 209 | Q16: =(P16*30) -> 6270 | R16: =(P16*365) -> 76285 | S16: =(R16*5) -> 381425
B17: Total Power | D17: =SUM(D13:D16) -> 167 | G17: Total Time | I17: =SUM(I13:J16) -> 9.4278809 | K17: Total Revenue | L17: =SUM(L13:L16) -> 2977.0833 | N17: Total Power saving / Day | P17: =(P14+P15) -> 1608 | Q17: =(Q14+Q15) -> 48240 | R17: =(R14+R15) -> 586920 | S17: =(S14+S15) -> 2934600
B19: =Sheet2!A44 -> Total Power | D19: =Sheet2!D44 -> 1670 | E19: =Sheet2!E44 -> KW power can charge / day | G19: =Sheet2!G44 -> Total Time | I19: =Sheet2!I44 -> 94.278809 | J19: =Sheet2!J44 -> / 96 hr | K19: =Sheet2!K44 -> Total Revenue | L19: =Sheet2!L44 -> 26793.75 | N19: Total Generation Cost / Day 12rs / unit | P19: =(P13*12) -> 21804 | Q19: =(Q13*12) -> 654120 | R19: =(R13*12) -> 7958460 | S19: =(S13*12) -> 39792300
B21: Battery Swapping Station | N21: Total Generation Cost Saving / Day 12rs / unit | P21: =(P17*12) -> 19296 | Q21: =(Q17*12) -> 578880 | R21: =(R17*12) -> 7043040 | S21: =(S17*12) -> 35215200
B22: Total Batteries | G22: 30 | N22: Spending Amount | P22: =(P19-P21) -> 2508 | Q22: =(Q19-Q21) -> 75240 | R22: =(R19-R21) -> 915420 | S22: =(S19-S21) -> 4577100
B23: Under maintance | G23: 0
B24: Avaliable batteries | G24: =(G22-G23) -> 30
B25: Voltage | G25: 12 | I25: Total Batteries charging / day | L25: =(G24*3-G23*3) -> 90 | N25: Revenue
B26: Current | G26: 10 | I26: Cost of charge per battery | L26: 30 | N26: Source | P26: Per day | Q26: Per Month | R26: Per Year | S26: Per 5 Years
B27: Time / Battery in hr | G27: 5 | I27: Total Amout Per day | L27: =(L25*L26) -> 2700 | N27: Fast charging | P27: =$L$19 -> 26793.75 | Q27: =(P27*30) -> 803812.5 | R27: =(P27*365) -> 9779718.8 | S27: =(R27*5) -> 48898594
B28: No of Cycle per day | G28: 3 | N28: Battery Swapping | P28: =$L$27 -> 2700 | Q28: =(P28*30) -> 81000 | R28: =(P28*365) -> 985500 | S28: =(R28*5) -> 4927500
B29: Power/Battery - KW | G29: =(G25*G26)/1000 -> 0.12 | N29: Total Revenue | P29: =SUM(P27:P28) -> 29493.75 | Q29: =SUM(Q27:Q28) -> 884812.5 | R29: =SUM(R27:R28) -> 10765219 | S29: =SUM(S27:S28) -> 53826094
B30: Total Station KW | G30: =(G29*G27*G24) -> 18 | N30: Spending Amount | P30: =P22 -> 2508 | Q30: =Q22 -> 75240 | R30: =R22 -> 915420 | S30: =S22 -> 4577100
B31: Total Energy Required for Full Swapping Station per Day - KW | G31: =(G28*G30) -> 54 | N31: Total Profit | P31: =(P29-P30) -> 26985.75 | Q31: =(Q29-Q30) -> 809572.5 | R31: =(R29-R30) -> 9849798.8 | S31: =(S29-S30) -> 49248994

Sheet Sheet2
A3: S.No | B3: Cars | C3: Voltage (V) | D3: Power (kW) | E3: Battery Capacity (kWh) | F3: SOC Avaliable | G3: Required Current | I3: Charging Time in hr | K3: Unit charge | L3: Cost
A4: 1 | B4: 1 - Tata Nexon - EV | C4: 400 | D4: 30.2 | E4: 30.2 | F4: 20 | G4: =(D4/C4)*1000 -> 75.5 | I4: =(75*(1-(F4/3600)))/D4 -> 2.4696468 | K4: 10 | L4: =(I4*D4)*K4 -> 745.83333
A5: 2 | B5: 2- MG ZS EV | C5: 400 | D5: 50 | E5: 44.5 | F5: 30 | G5: =(D5/C5)*1000 -> 125 | I5: =(75*(1-(F5/3600)))/D5 -> 1.4875 | K5: 10 | L5: =(I5*D5)*K5 -> 743.75
A6: 3 | B6: 3-Tata Trigo EV | C6: 400 | D6: 16.8 | E6: 26 | F6: 50 | G6: =(D6/C6)*1000 -> 42 | I6: =(75*(1-(F6/3600)))/D6 -> 4.4022817 | K6: 10 | L6: =(I6*D6)*K6 -> 739.58333
A7: 4 | B7: 4- Mahindra eVerito | C7: 400 | D7: 70 | E7: 60 | F7: 10 | G7: =(D7/C7)*1000 -> 175 | I7: =(75*(1-(F7/3600)))/D7 -> 1.0684524 | K7: 10 | L7: =(I7*D7)*K7 -> 747.91667
A8: 5 | B8: 1 - Tata Nexon - EV | C8: 400 | D8: 30.2 | E8: 30.2 | F8: 20 | G8: =(D8/C8)*1000 -> 75.5 | I8: =(75*(1-(F8/3600)))/D8 -> 2.4696468 | K8: 10 | L8: =(I8*D8)*K8 -> 745.83333
A9: 6 | B9: 2- MG ZS EV | C9: 400 | D9: 50 | E9: 44.5 | F9: 30 | G9: =(D9/C9)*1000 -> 125 | I9: =(75*(1-(F9/3600)))/D9 -> 1.4875 | K9: 10 | L9: =(I9*D9)*K9 -> 743.75
A10: 7 | B10: 3-Tata Trigo EV | C10: 400 | D10: 16.8 | E10: 26 | F10: 50 | G10: =(D10/C10)*1000 -> 42 | I10: =(75*(1-(F10/3600)))/D10 -> 4.4022817 | K10: 10 | L10: =(I10*D10)*K10 -> 739.58333
A11: 8 | B11: 4- Mahindra eVerito | C11: 400 | D11: 70 | E11: 60 | F11: 10 | G11: =(D11/C11)*1000 -> 175 | I11: =(75*(1-(F11/3600)))/D11 -> 1.0684524 | K11: 10 | L11: =(I11*D11)*K11 -> 747.91667
A12: 9 | B12: 1 - Tata Nexon - EV | C12: 400 | D12: 30.2 | E12: 30.2 | F12: 20 | G12: =(D12/C12)*1000 -> 75.5 | I12: =(75*(1-(F12/3600)))/D12 -> 2.4696468 | K12: 10 | L12: =(I12*D12)*K12 -> 745.83333
A13: 10 | B13: 2- MG ZS EV | C13: 400 | D13: 50 | E13: 44.5 | F13: 30 | G13: =(D13/C13)*1000 -> 125 | I13: =(75*(1-(F13/3600)))/D13 -> 1.4875 | K13: 10 | L13: =(I13*D13)*K13 -> 743.75
A14: 11 | B14: 3-Tata Trigo EV | C14: 400 | D14: 16.8 | E14: 26 | F14: 50 | G14: =(D14/C14)*1000 -> 42 | I14: =(75*(1-(F14/3600)))/D14 -> 4.4022817 | K14: 10 | L14: =(I14*D14)*K14 -> 739.58333
A15: 12 | B15: 4- Mahindra eVerito | C15: 400 | D15: 70 | E15: 60 | F15: 10 | G15: =(D15/C15)*1000 -> 175 | I15: =(75*(1-(F15/3600)))/D15 -> 1.0684524 | K15: 10 | L15: =(I15*D15)*K15 -> 747.91667
... A43: 40 | B43: 4- Mahindra eVerito | C43: 400 | D43: 70 | E43: 60 | F43: 10 | G43: =(D43/C43)*1000 -> 175 | I43: =(75*(1-(F43/3600)))/D43 -> 1.0684524 | K43: 10 | L43: =(I43*D43)*K43 -> 747.91667
A44: Total Power | D44: =SUM(D4:D43) -> 1670 | E44: KW power can charge / day | G44: Total Time | I44: =SUM(I4:J43) -> 94.278809 | J44: / 96 hr | K44: Total Revenue | L44: =SUM(L4:L39) -> 26793.75
